{
  "created": "2025-10-31T00:59:17.689558",
  "data_file": "/pool/ssd8tb/data/iso/ERCOT/ercot_market_data/ERCOT_data/master_enhanced_with_net_load_reserves_2019_2025.parquet",
  "forecast_horizon": 48,
  "train_rows": 12745,
  "val_rows": 8784,
  "test_rows": 7441,
  "feature_count": 55,
  "gb_params": {
    "learning_rate": 0.08,
    "max_depth": 8,
    "max_leaf_nodes": 128,
    "min_samples_leaf": 64,
    "l2_regularization": 0.2,
    "max_iter": 400,
    "random_state": 42
  },
  "metrics": {
    "train": {
      "mae_mean": 36.88406712036144,
      "mae_1h": 29.869000714057986,
      "mae_24h": 39.3027205953214,
      "mae_48h": 32.048870661821326,
      "mae_per_horizon": [
        29.869000714057986,
        37.20039809868203,
        33.60753743913777,
        38.01987460777892,
        36.28661784252203,
        42.554668180553115,
        35.3249140653994,
        33.14623608221954,
        34.512927485220516,
        34.36614823708579,
        29.077189836109266,
        38.37113098207976,
        33.09788000067828,
        32.74101750397376,
        36.64511811224911,
        33.41919353989907,
        32.65094193791411,
        34.665342199786934,
        33.58278905666348,
        34.290272465644975,
        33.286435795287574,
        37.23397537799755,
        38.81850643555238,
        39.3027205953214,
        34.27568386352672,
        30.600312883133487,
        29.96952135284188,
        47.76769164486614,
        47.12958057310266,
        36.941536957035865,
        39.33329990794701,
        39.783349542943455,
        37.657235494073674,
        41.17689135197048,
        47.70341100562327,
        39.43628819049938,
        40.626660483514755,
        45.291801548338654,
        42.40878696243174,
        37.723137783266715,
        44.770212418766185,
        39.72708258897952,
        32.62777572627287,
        32.26370009910316,
        38.524460901651985,
        37.43489342874234,
        33.14219981508134,
        32.048870661821326
      ]
    },
    "val": {
      "mae_mean": 65.07127191302921,
      "mae_1h": 16.67440038843311,
      "mae_24h": 51.90676700328033,
      "mae_48h": 113.50580168539582,
      "mae_per_horizon": [
        16.67440038843311,
        22.35574097711876,
        39.333013495885844,
        44.03868525421932,
        50.36483240255118,
        52.54893837303576,
        82.5584556732285,
        79.15900357804016,
        68.81769850484488,
        57.53874542429164,
        61.74075069137947,
        60.94606251834604,
        66.10658173017376,
        73.49534615123144,
        56.09546946506365,
        40.5887323200275,
        39.13184406772975,
        44.30850447522626,
        42.47426944390323,
        46.65961364337483,
        52.24835588226902,
        42.450853071451206,
        43.81489044195697,
        51.90676700328033,
        74.83646274845573,
        98.02692999355905,
        106.77958993090611,
        51.43169597116674,
        52.5832537226933,
        137.8343955217312,
        129.82818789434285,
        137.4677381909298,
        95.28237190078134,
        87.30208295217163,
        50.000906025202646,
        121.57515283878858,
        82.45246745297413,
        52.19208016774239,
        51.53014190453378,
        45.61444355021224,
        35.155488380347414,
        42.99413641976251,
        59.250079077212106,
        51.17170539383827,
        56.46936105394427,
        55.73953449894615,
        99.03948957270102,
        113.50580168539582
      ]
    },
    "test": {
      "mae_mean": 52.88336512184336,
      "mae_1h": 14.019763441489655,
      "mae_24h": 49.18938543092812,
      "mae_48h": 109.50879733305915,
      "mae_per_horizon": [
        14.019763441489655,
        18.781203256037827,
        31.22786900155726,
        35.477525404871976,
        35.873219182887205,
        37.516182548435886,
        58.29008608456578,
        54.80959715541973,
        48.93853160314305,
        40.345193941194815,
        50.64220442554255,
        44.414299430751846,
        53.399748584857434,
        62.09001322238841,
        47.369385344870615,
        34.376336213057726,
        32.05799738750782,
        39.96874675482104,
        37.66103142502239,
        39.344951523143834,
        40.524243072866796,
        39.395636583146086,
        41.16021867087421,
        49.18938543092812,
        63.84691881470984,
        80.7872317978938,
        93.94201155115267,
        43.709176684292835,
        34.18454943264521,
        93.22257569337387,
        92.2753944536481,
        105.44641116089255,
        69.51984852489771,
        67.22523058521577,
        36.54700339331906,
        107.98485295055683,
        58.90537874538577,
        41.89490186400397,
        45.76745971187227,
        35.31112080256627,
        28.220607479394214,
        39.936019445257955,
        54.32654534872944,
        47.91460916922549,
        54.42452143034934,
        53.90624616906714,
        92.72074361759023,
        109.50879733305915
      ]
    }
  },
  "train_end": "2023-06-30T00:00:00",
  "val_end": "2024-06-30T00:00:00"
}