{
  "created": "2025-10-31T00:01:00.397321",
  "node": "GAMBIT_BESS1",
  "data_file": "/pool/ssd8tb/data/iso/ERCOT/ercot_market_data/ERCOT_data/master_enhanced_with_net_load_reserves_2019_2025.parquet",
  "dispatch_dir": "/pool/ssd8tb/data/iso/ERCOT/ercot_market_data/ERCOT_data/bess_analysis/hourly/dispatch",
  "forecast_horizon": 48,
  "train_rows": 16596,
  "val_rows": 3771,
  "test_rows": 5725,
  "feature_count": 76,
  "gb_params": {
    "learning_rate": 0.08,
    "max_depth": 8,
    "max_leaf_nodes": 128,
    "min_samples_leaf": 64,
    "l2_regularization": 0.2,
    "max_iter": 400,
    "random_state": 42
  },
  "metrics": {
    "train": {
      "mae_mean": 27.041244033282084,
      "mae_1h": 18.03470768473988,
      "mae_24h": 27.94245377210152,
      "mae_48h": 27.675309677068924,
      "mae_per_horizon": [
        18.03470768473988,
        23.15083791997319,
        26.069129758348765,
        28.164085657875148,
        24.068843009456103,
        26.460965371825836,
        22.317029827170074,
        23.112341951270405,
        22.36015672208103,
        27.333823916434326,
        26.31056822304978,
        26.74109142997946,
        28.294758294900806,
        27.82600356813494,
        28.693370182017652,
        28.544727130244294,
        28.72730145735589,
        28.871836438278123,
        27.237211780539248,
        26.63345729071711,
        28.147357073621233,
        27.84924824150639,
        27.58362195502166,
        27.94245377210152,
        27.791282792477237,
        28.224216238675915,
        25.33868130953525,
        21.582746155892654,
        21.845309761364412,
        27.023700015089286,
        28.25593543467339,
        29.786067920465122,
        29.669639860014296,
        27.89693543870159,
        27.69774874033104,
        28.739143060830095,
        29.189077512372542,
        28.982995351950294,
        28.927466756331196,
        28.50143920338435,
        28.07793455786345,
        28.041056689344718,
        29.37300346559162,
        28.980911563878045,
        28.87044174079154,
        28.638371036322468,
        28.39537065794787,
        27.675309677068924
      ]
    },
    "val": {
      "mae_mean": 39.63752536456087,
      "mae_1h": 12.889496784917867,
      "mae_24h": 34.04435714132468,
      "mae_48h": 59.47908154218779,
      "mae_per_horizon": [
        12.889496784917867,
        22.03460946553944,
        27.70555891593435,
        30.672343076194267,
        43.19363719881824,
        37.26247810888595,
        44.32450457558822,
        46.280866761608806,
        43.09274522445891,
        29.84288569663384,
        30.146395596851917,
        32.299592413984634,
        28.524426795125702,
        33.59513953522861,
        35.80999874101771,
        33.735551109782165,
        30.99057889853983,
        29.01968023121293,
        29.07048996005796,
        35.197918455179504,
        35.07544436203119,
        34.99260709641142,
        33.22363131056119,
        34.04435714132468,
        43.04039103901487,
        41.85422335152243,
        57.4478900122125,
        64.66076299229776,
        75.61791741135707,
        56.84145730108309,
        55.542469310222046,
        46.945406631513045,
        42.98162025173264,
        47.193450140581035,
        44.19516692036086,
        43.17008917875927,
        43.18540884117181,
        39.22702795951328,
        39.26165185258169,
        37.82833088426907,
        34.80848396779252,
        33.72930798786541,
        31.105574957568805,
        33.584003820992464,
        43.033816985348146,
        44.15447684677784,
        50.688269856307166,
        59.47908154218779
      ]
    },
    "test": {
      "mae_mean": 28.62146020622377,
      "mae_1h": 8.86081710819878,
      "mae_24h": 24.46275051032224,
      "mae_48h": 47.179917597710705,
      "mae_per_horizon": [
        8.86081710819878,
        17.09452701273852,
        21.74998303914133,
        24.254254338044458,
        33.58023098262156,
        31.23425959075158,
        41.964021238319184,
        39.87933729074894,
        33.040179189738055,
        22.53215367883827,
        21.805224540401706,
        25.023092137359193,
        22.320056668494768,
        24.2871782979214,
        23.401646476355136,
        22.41261342443702,
        20.421553390298648,
        20.637876732999523,
        20.67418931108968,
        24.716185689928654,
        23.690782015209784,
        25.323430114972513,
        24.097888171454287,
        24.46275051032224,
        29.911202662526975,
        31.951318425279137,
        45.57921976101619,
        45.117266154079374,
        55.71104015335825,
        44.025487756722846,
        45.09104356995873,
        33.802828088806294,
        30.34654971242405,
        32.40483184557089,
        27.575215453149788,
        26.961098816899693,
        29.097616903998897,
        26.072567312983082,
        24.86833807154949,
        25.170756920732092,
        23.902880375716038,
        26.5132968920607,
        23.30736764529068,
        22.00092154504205,
        23.391457714518573,
        24.497867232234064,
        31.885768336727157,
        47.179917597710705
      ]
    }
  }
}