{
  "created": "2025-10-30T23:12:04.006644",
  "data_file": "/pool/ssd8tb/data/iso/ERCOT/ercot_market_data/ERCOT_data/master_enhanced_with_net_load_reserves_2019_2025.parquet",
  "forecast_horizon": 48,
  "train_rows": 38809,
  "val_rows": 8316,
  "test_rows": 8317,
  "feature_count": 42,
  "rf_params": {
    "n_estimators": 320,
    "max_depth": 18,
    "min_samples_split": 6,
    "min_samples_leaf": 3,
    "max_features": "sqrt",
    "n_jobs": -1,
    "random_state": 42
  },
  "metrics": {
    "train": {
      "mae_mean": 26.17729801160694,
      "mae_1h": 18.323199833942088,
      "mae_24h": 26.491121461403992,
      "mae_48h": 29.660656802444763,
      "rmse_mean": 138.49858093100875,
      "mae_per_horizon": [
        18.323199833942088,
        22.499631308175903,
        24.660996733306753,
        25.696509519880358,
        26.16212584708004,
        26.354919258182036,
        26.216747965461412,
        25.83763771261265,
        25.398453941788734,
        24.883668280664274,
        24.77427280531801,
        25.320838433118148,
        25.832047209094142,
        26.012378216586615,
        25.991954623955266,
        25.573294768222095,
        25.370583695343214,
        25.47924493706938,
        25.030778656148385,
        24.38350064994777,
        24.282426210894215,
        24.585690951170484,
        25.321643937576077,
        26.491121461403992,
        27.268098076133906,
        27.616303312349274,
        27.819096922382098,
        27.87786411739437,
        27.877701709189594,
        27.64098921728887,
        27.31881385772214,
        26.992633690729583,
        26.54088170613162,
        26.323431184343658,
        26.69418357519737,
        27.163038989208104,
        27.487036523330357,
        27.45916475448401,
        27.247176101113407,
        27.240765245718755,
        27.29059577153094,
        27.110231692646,
        26.6664966027653,
        26.37103889081745,
        26.595437815074302,
        27.375845046257005,
        28.389155995938342,
        29.660656802444763
      ],
      "rmse_per_horizon": [
        106.86225354407166,
        125.60608339023271,
        134.05334192305781,
        136.6413735322276,
        137.415911645025,
        137.43971096812913,
        136.11589658115133,
        134.5544220548344,
        132.45280318524195,
        130.18942917068097,
        131.49875179926948,
        135.33374716864049,
        137.04322870090797,
        138.16382597398604,
        139.37089176089856,
        138.62140943676184,
        139.64591016194967,
        140.68147978130935,
        137.25482382430218,
        132.24996736236773,
        131.36150332087533,
        133.37182388420385,
        136.76815316181867,
        142.05942654571749,
        144.7468613844552,
        144.16181295924366,
        144.12318470065338,
        143.9110575653794,
        143.80504239114387,
        142.63127365727718,
        142.04812443925786,
        140.4250781459558,
        137.6416982540716,
        137.04418466384976,
        138.09940957190952,
        140.2342156808889,
        142.90971956679613,
        144.31259142596065,
        144.26287190482458,
        145.29336623469578,
        146.16294923019484,
        144.5088843666751,
        141.8674751316525,
        138.18689055393534,
        138.2819044894949,
        141.95517246225177,
        145.88534597513694,
        150.6766010550533
      ]
    },
    "val": {
      "mae_mean": 42.932229135200195,
      "mae_1h": 26.047157309858463,
      "mae_24h": 41.75085349384037,
      "mae_48h": 43.6341169428971,
      "rmse_mean": 173.04420446676804,
      "mae_per_horizon": [
        26.047157309858463,
        33.76392735955433,
        39.3804640140739,
        44.502470876220336,
        47.36046761150021,
        48.44831349376306,
        48.74649699817621,
        47.93419743009145,
        46.43628296970737,
        43.92929680602933,
        42.708203917224274,
        43.57486454602113,
        44.67140592910286,
        44.520558088875774,
        43.16301027037422,
        40.84296935185642,
        38.71917326084905,
        37.60413470030908,
        35.94456114410242,
        34.25202846106502,
        34.04281947273829,
        34.71029220627066,
        37.53719466937301,
        41.75085349384037,
        46.158988415145444,
        49.47117106470661,
        51.9996569587226,
        53.10155332440125,
        52.83454371861036,
        51.214532766877916,
        49.92918678304551,
        48.94225456053702,
        47.20820311425375,
        46.296145787419405,
        46.80295742483207,
        47.483384838105685,
        47.56967072063575,
        46.45039520582229,
        43.3768703669381,
        40.98213625412193,
        39.469165753881896,
        37.835487704307766,
        36.62322105129205,
        36.31835256444306,
        36.87384251160049,
        38.39196955561381,
        41.18804672042024,
        43.6341169428971
      ],
      "rmse_per_horizon": [
        141.7398709557647,
        161.55234830621782,
        168.59756846960136,
        174.82092519072316,
        178.3902159571502,
        180.07528936140497,
        179.87716397110825,
        177.81630040409365,
        175.4162735555079,
        170.6394662805854,
        169.8079517149937,
        173.37561728647722,
        174.81457048626575,
        173.42967870853042,
        172.63024875544852,
        167.50808925509756,
        166.0721102333529,
        168.99407583144887,
        167.61945626740345,
        164.66605086492612,
        163.11208386089933,
        163.21079701490885,
        167.78914242495586,
        173.0934844225918,
        176.38373703361825,
        178.12737205013266,
        179.94071747834988,
        181.55308359675115,
        181.53478797273354,
        181.11463333439778,
        180.35512131335472,
        178.77951243170784,
        176.47838190606643,
        174.87719023332122,
        176.81095597953373,
        178.52685485885786,
        179.29727445023994,
        177.88406150294514,
        174.7204792996535,
        174.20868582593326,
        174.69933508226435,
        173.1219778183313,
        171.816976149046,
        170.48068166728174,
        170.8677534635834,
        170.93389831174872,
        174.6233336923414,
        173.93622937321538
      ]
    },
    "test": {
      "mae_mean": 32.93040057724743,
      "mae_1h": 15.762853448410965,
      "mae_24h": 35.009411100212986,
      "mae_48h": 35.54675528456169,
      "rmse_mean": 67.96724274432732,
      "mae_per_horizon": [
        15.762853448410965,
        22.53244897437252,
        29.0363829657203,
        34.63992131913033,
        37.593875825913074,
        38.43972726211479,
        37.77731604477999,
        36.32538866669303,
        34.731441895224314,
        32.67778463100826,
        31.430351652060548,
        31.520118936276887,
        32.03005167773569,
        31.93573951284258,
        31.43826701173107,
        30.482099981011373,
        29.66554875706299,
        29.397205005164814,
        28.085785426923998,
        26.37906334744006,
        26.15486812626006,
        27.00081413782719,
        30.345073630494106,
        35.009411100212986,
        39.497445136819856,
        42.87024365675482,
        45.581959025603204,
        47.27152072869494,
        47.21027789384658,
        45.2866711278937,
        42.60907935549097,
        39.43036521679775,
        36.3818807327301,
        34.200923917057864,
        33.5576365151066,
        32.89135427861486,
        32.35424049799872,
        31.403569947310675,
        29.910124249931677,
        28.526031868078658,
        28.10507131209478,
        27.641061213654197,
        26.659913925150356,
        26.092822855310143,
        26.567647849430813,
        28.639695751134603,
        32.03139603139707,
        35.54675528456169
      ],